month,product,gross_revenue,net_revenue,gross_man,cumulative_net_revenue,cumulative_gross_revenue,cumulative_gross_man,avg_net_revenue,total_sold_quantity,avg_net_price_per_item,Type
2017-09-01,AQ Dracula HDD – 3.5 Inch SATA 6 Gb/s 5400 RPM 256 MB Cache,96766.5191,73323.72043992,28935.0108,73323.72043992,96766.5191,28935.0108,224.23156097834863,5237.0,14.001092312377315,Actual
2017-10-01,AQ Dracula HDD – 3.5 Inch SATA 6 Gb/s 5400 RPM 256 MB Cache,119582.55500000001,92464.90697577,35688.6057,165788.62741569,216349.07410000003,64623.616500000004,307.19238197930235,6472.0,14.28691393321539,Actual
2017-11-01,AQ Dracula HDD – 3.5 Inch SATA 6 Gb/s 5400 RPM 256 MB Cache,178065.614,135799.33779114002,53151.6389,301587.96520683,394414.6881,117775.2554,455.7024758091947,9642.0,14.084146213559428,Actual
2017-12-01,AQ Dracula HDD – 3.5 Inch SATA 6 Gb/s 5400 RPM 256 MB Cache,176992.1172,133262.42768879,53019.5034,434850.39289562,571406.8053,170794.7588,450.2109043540202,9572.0,13.9221090356028,Actual
2018-01-01,AQ Dracula HDD – 3.5 Inch SATA 6 Gb/s 5400 RPM 256 MB Cache,96970.7718,73386.44061564,28875.3518,508236.83351126,668377.5771,199670.1106,251.3234267658904,5223.0,14.05063002405514,Actual
2018-02-01,AQ Dracula HDD – 3.5 Inch SATA 6 Gb/s 5400 RPM 256 MB Cache,93089.2466,72165.91952854,27754.3577,580402.7530398,761466.8237000001,227424.4683,245.46231132156464,5056.0,14.273322691562502,Actual
2018-03-01,AQ Dracula HDD – 3.5 Inch SATA 6 Gb/s 5400 RPM 256 MB Cache,107584.4995,82310.93476829,32142.8676,662713.68780809,869051.3232,259567.3359,279.9691658785374,5838.0,14.099166626976704,Actual
2018-04-01,AQ Dracula HDD – 3.5 Inch SATA 6 Gb/s 5400 RPM 256 MB Cache,103447.7153,78443.31070346,30928.584600000002,741156.99851155,972499.0385,290495.9205,271.43014084242213,5590.0,14.03279261242576,Actual
2018-05-01,AQ Dracula HDD – 3.5 Inch SATA 6 Gb/s 5400 RPM 256 MB Cache,94357.8565,71449.73330508,28182.187,812606.73181663,1066856.895,318678.1075,243.8557450685324,5112.0,13.97686488753521,Actual
2018-06-01,AQ Dracula HDD – 3.5 Inch SATA 6 Gb/s 5400 RPM 256 MB Cache,96731.1078,74812.17775672,28800.8354,887418.90957335,1163588.0028,347478.9429,256.20608820794524,5254.0,14.239089790011421,Actual
2018-07-01,AQ Dracula HDD – 3.5 Inch SATA 6 Gb/s 5400 RPM 256 MB Cache,101518.8626,77509.21674622,30321.6886,964928.12631957,1265106.8654,377800.6315,264.53657592566555,5510.0,14.067008483887477,Actual
2018-08-01,AQ Dracula HDD – 3.5 Inch SATA 6 Gb/s 5400 RPM 256 MB Cache,99807.3131,75030.22666489,29810.7351,1039958.35298446,1364914.1785,407611.3666,260.5216203642014,5399.0,13.897059949044268,Actual
2018-09-01,AQ Dracula HDD – 3.5 Inch SATA 6 Gb/s 5400 RPM 256 MB Cache,223167.7186,171560.54222337,64513.120599999995,1211518.89520783,1588081.8971,472124.4872,360.42130719195376,12582.0,13.635395185453028,Actual
2018-10-01,AQ Dracula HDD – 3.5 Inch SATA 6 Gb/s 5400 RPM 256 MB Cache,280344.2106,218859.78456807,81078.8484,1430378.6797759,1868426.1077,553203.3356,460.75744119593685,15863.0,13.796872254180798,Actual
2018-11-01,AQ Dracula HDD – 3.5 Inch SATA 6 Gb/s 5400 RPM 256 MB Cache,360609.4094,279903.14402006,104198.131,1710281.82379596,2229035.5171,657401.4666,588.0318151681934,20295.0,13.791729195371275,Actual
2018-12-01,AQ Dracula HDD – 3.5 Inch SATA 6 Gb/s 5400 RPM 256 MB Cache,376072.1501,288955.08789301,108730.0269,1999236.91168897,2605107.6672,766131.4935,604.5085520774268,21290.0,13.572338557680132,Actual
2019-01-01,AQ Dracula HDD – 3.5 Inch SATA 6 Gb/s 5400 RPM 256 MB Cache,219148.05180000002,169245.11719588,63343.2872,2168482.02888485,2824255.719,829474.7807,357.81208709488374,12342.0,13.712940949269163,Actual
2019-02-01,AQ Dracula HDD – 3.5 Inch SATA 6 Gb/s 5400 RPM 256 MB Cache,224473.1753,175035.07526334,64881.6435,2343517.10414819,3048728.8943,894356.4242,368.4948952912421,12615.0,13.87515459875862,Actual
2019-03-01,AQ Dracula HDD – 3.5 Inch SATA 6 Gb/s 5400 RPM 256 MB Cache,211736.6487,163050.0159193,61219.7772,2506567.12006749,3260465.543,955576.2014,344.7146213938689,11947.0,13.647779017267933,Actual
2019-04-01,AQ Dracula HDD – 3.5 Inch SATA 6 Gb/s 5400 RPM 256 MB Cache,214301.6371,165273.79200626002,61952.5665,2671840.91207375,3474767.1801,1017528.7679,348.67888608915615,12094.0,13.665767488528196,Actual
2019-05-01,AQ Dracula HDD – 3.5 Inch SATA 6 Gb/s 5400 RPM 256 MB Cache,216150.1219,166039.26291277,62463.170699999995,2837880.17498652,3690917.302,1079991.9386,350.29380361343885,12125.0,13.69395982785732,Actual
2019-06-01,AQ Dracula HDD – 3.5 Inch SATA 6 Gb/s 5400 RPM 256 MB Cache,215359.2646,168272.2234646,62266.4819,3006152.39845112,3906276.5666,1142258.4205,355.0046908535865,12175.0,13.82112718395072,Actual
2019-07-01,AQ Dracula HDD – 3.5 Inch SATA 6 Gb/s 5400 RPM 256 MB Cache,216178.6302,167025.4706793,62490.3465,3173177.86913042,4122455.1968,1204748.767,354.61883371401274,12228.0,13.659263222055937,Actual
2019-08-01,AQ Dracula HDD – 3.5 Inch SATA 6 Gb/s 5400 RPM 256 MB Cache,222727.9226,171466.96857433,64418.7317,3344644.8377047502,4345183.1194,1269167.4986999999,361.7446594395148,12596.0,13.612811096723563,Actual
2019-09-01,AQ Dracula HDD – 3.5 Inch SATA 6 Gb/s 5400 RPM 256 MB Cache,416130.68309999997,321007.52752351,123980.1915,3665652.36522826,4761313.8025,1393147.6902,519.4296561869094,21057.0,15.24469428330294,Actual
2019-10-01,AQ Dracula HDD – 3.5 Inch SATA 6 Gb/s 5400 RPM 256 MB Cache,525854.1368,406753.26626118,156534.0708,4072405.63148944,5287167.9393,1549681.761,650.805226017888,26592.0,15.296076498991425,Actual
2019-11-01,AQ Dracula HDD – 3.5 Inch SATA 6 Gb/s 5400 RPM 256 MB Cache,735372.2585,563132.40974177,219207.40039999998,4635538.04123121,6022540.1978,1768889.1613999999,901.011855586832,37368.0,15.06991034419209,Actual
2019-12-01,AQ Dracula HDD – 3.5 Inch SATA 6 Gb/s 5400 RPM 256 MB Cache,749131.928,572116.95841201,223394.0635,5207654.99964322,6771672.1258,1992283.2249,922.7692877613065,38007.0,15.052936522535585,Actual
2020-01-01,AQ Dracula HDD – 3.5 Inch SATA 6 Gb/s 5400 RPM 256 MB Cache,421208.7257,324927.27345598,125264.2906,5532582.2730992,7192880.8515,2117547.5154999997,522.3911148809968,21387.0,15.19274668985739,Actual
2020-02-01,AQ Dracula HDD – 3.5 Inch SATA 6 Gb/s 5400 RPM 256 MB Cache,415955.5644,321287.88677269,124047.705,5853870.15987189,7608836.415899999,2241595.2205,514.060618836304,21013.0,15.289957967576738,Actual
2020-03-01,AQ Dracula HDD – 3.5 Inch SATA 6 Gb/s 5400 RPM 256 MB Cache,58904.643,44939.87750009,17569.021,5898810.03737198,7667741.0589,2259164.2415,84.31496716714821,2978.0,15.090623740795836,Actual
2020-04-01,AQ Dracula HDD – 3.5 Inch SATA 6 Gb/s 5400 RPM 256 MB Cache,191537.0141,147603.92133649,56948.9459,6046413.95870847,7859278.073,2316113.1874,254.92905239462866,9650.0,15.295743143677718,Actual
2020-05-01,AQ Dracula HDD – 3.5 Inch SATA 6 Gb/s 5400 RPM 256 MB Cache,243957.4584,187044.8230642,72765.9244,6233458.78177267,8103235.5314,2388879.1118,319.73474028068375,12399.0,15.085476495217357,Actual
2020-06-01,AQ Dracula HDD – 3.5 Inch SATA 6 Gb/s 5400 RPM 256 MB Cache,382113.7069,294719.47183126,113807.0449,6528178.25360393,8485349.2383,2502686.1567,495.3268434138824,19325.0,15.250684182730144,Actual
2020-07-01,AQ Dracula HDD – 3.5 Inch SATA 6 Gb/s 5400 RPM 256 MB Cache,383980.40369999997,294046.7690726,114292.11439999999,6822225.02267653,8869329.641999999,2616978.2711,476.5749903931929,19425.0,15.137542809400257,Actual
2020-08-01,AQ Dracula HDD – 3.5 Inch SATA 6 Gb/s 5400 RPM 256 MB Cache,394400.8531,300042.86587127,117635.09539999999,7122267.8885478005,9263730.495099999,2734613.3665,488.66916265679157,20041.0,14.971451817337957,Actual
2020-09-01,AQ Dracula HDD – 3.5 Inch SATA 6 Gb/s 5400 RPM 256 MB Cache,610854.2882,469010.56024248997,180551.5693,7591278.44879029,9874584.7833,2915164.9358,746.8321022969585,28694.0,16.34524849245452,Actual
2020-10-01,AQ Dracula HDD – 3.5 Inch SATA 6 Gb/s 5400 RPM 256 MB Cache,763598.3820999999,587739.9134241199,225508.12399999998,8179018.36221441,10638183.1654,3140673.0598,935.8915818855413,35933.0,16.356550063287784,Actual
2020-11-01,AQ Dracula HDD – 3.5 Inch SATA 6 Gb/s 5400 RPM 256 MB Cache,1066975.283,812905.20631708,315561.9909,8991923.568531489,11705158.4484,3456235.0507,1294.4350419061782,50056.0,16.239915421070002,Actual
2020-12-01,AQ Dracula HDD – 3.5 Inch SATA 6 Gb/s 5400 RPM 256 MB Cache,1102230.1845,837830.79319099,325568.3847,9829754.36172248,12807388.6329,3781803.4354,1342.6775531906892,51811.0,16.170905660786126,Actual
2021-01-01,AQ Dracula HDD – 3.5 Inch SATA 6 Gb/s 5400 RPM 256 MB Cache,598845.8739,459704.73089462,177053.2654,10289459.0926171,13406234.5068,3958856.7007999998,732.0139026984396,28161.0,16.32416217089663,Actual
2021-02-01,AQ Dracula HDD – 3.5 Inch SATA 6 Gb/s 5400 RPM 256 MB Cache,602695.8647,463691.14783897996,178115.18779999999,10753150.24045608,14008930.3715,4136971.8885999997,738.3617003805414,28305.0,16.381951875604308,Actual
2021-03-01,AQ Dracula HDD – 3.5 Inch SATA 6 Gb/s 5400 RPM 256 MB Cache,575217.4591,440334.64225597,170124.8972,11193484.88271205,14584147.830599999,4307096.7858,701.1698125095063,26895.0,16.3723607457137,Actual
2021-04-01,AQ Dracula HDD – 3.5 Inch SATA 6 Gb/s 5400 RPM 256 MB Cache,627456.6327,476698.96685341,185412.8529,11670183.84956546,15211604.463299999,4492509.6387,763.9406520086699,29475.0,16.172992938198814,Actual
2021-05-01,AQ Dracula HDD – 3.5 Inch SATA 6 Gb/s 5400 RPM 256 MB Cache,589914.0262,453495.49927951,174514.13199999998,12123679.34884497,15801518.4895,4667023.7707,722.1265912094108,27650.0,16.401283879909947,Actual
2021-06-01,AQ Dracula HDD – 3.5 Inch SATA 6 Gb/s 5400 RPM 256 MB Cache,562651.2984,434166.43272474996,166234.5631,12557845.78156972,16364169.787899999,4833258.3338,691.3478228101114,26412.0,16.438226288230727,Actual
2021-07-01,AQ Dracula HDD – 3.5 Inch SATA 6 Gb/s 5400 RPM 256 MB Cache,613702.7775,468592.97479913,181415.4107,13026438.75636885,16977872.5654,5014673.7445,746.1671573234554,28745.0,16.30172116191094,Actual
2021-08-01,AQ Dracula HDD – 3.5 Inch SATA 6 Gb/s 5400 RPM 256 MB Cache,605236.7798,459732.40445212,178946.3637,13486171.16082097,17583109.3452,5193620.1082,736.7506481604487,28438.0,16.166129982844083,Actual
2021-09-01,AQ Dracula HDD – 3.5 Inch SATA 6 Gb/s 5400 RPM 256 MB Cache,1338587.9334,1035117.09460086,409068.8576,14521288.25542183,18921697.2786,5602688.965799999,3296.551256690637,56224.0,18.41059146629304,Actual
2021-10-01,AQ Dracula HDD – 3.5 Inch SATA 6 Gb/s 5400 RPM 256 MB Cache,1728911.3318,1332245.30900418,528282.3009,15853533.56442601,20650608.6104,6130971.2667,4242.819455427324,72615.0,18.346695710310264,Actual
2021-11-01,AQ Dracula HDD – 3.5 Inch SATA 6 Gb/s 5400 RPM 256 MB Cache,2291875.9414,1763722.6907256201,699958.5694,17617256.25515163,22942484.5518,6830929.8361,5616.9512443491085,96242.0,18.325914784871678,Actual
2021-12-01,AQ Dracula HDD – 3.5 Inch SATA 6 Gb/s 5400 RPM 256 MB Cache,2490563.7204,1886423.82719336,761421.0878,19503680.08234499,25433048.2722,7592350.9239,6046.230215363334,104626.0,18.030162934579934,Actual
2022-01-01,AQ Dracula HDD – 3.5 Inch SATA 6 Gb/s 5400 RPM 256 MB Cache,2461893.36434541,1849092.3060438146,754599.6232111985,,,,,98902.11232920311,,Forecast
2022-02-01,AQ Dracula HDD – 3.5 Inch SATA 6 Gb/s 5400 RPM 256 MB Cache,2698068.136212267,2014546.2625763568,827101.9701313678,,,,,106810.56123778719,,Forecast
2022-03-01,AQ Dracula HDD – 3.5 Inch SATA 6 Gb/s 5400 RPM 256 MB Cache,2845244.2494009696,2115950.1905985717,876287.5712470778,,,,,110185.11099984845,,Forecast
2022-04-01,AQ Dracula HDD – 3.5 Inch SATA 6 Gb/s 5400 RPM 256 MB Cache,3140133.9885392357,2328195.6530974917,967758.5033393368,,,,,121128.49853009674,,Forecast
2022-05-01,AQ Dracula HDD – 3.5 Inch SATA 6 Gb/s 5400 RPM 256 MB Cache,3393204.015631165,2510911.710400225,1047431.496180169,,,,,129917.33966029497,,Forecast
2022-06-01,AQ Dracula HDD – 3.5 Inch SATA 6 Gb/s 5400 RPM 256 MB Cache,3666608.928340918,2711705.3581299093,1133591.6928663766,,,,,140039.76002956217,,Forecast
2022-07-01,AQ Dracula HDD – 3.5 Inch SATA 6 Gb/s 5400 RPM 256 MB Cache,3912343.2247958514,2895808.7915525106,1214730.9325259076,,,,,148638.8006509127,,Forecast
2022-08-01,AQ Dracula HDD – 3.5 Inch SATA 6 Gb/s 5400 RPM 256 MB Cache,4117855.6736447006,3038527.954453689,1278754.7111455884,,,,,155934.7235139683,,Forecast
2022-09-01,AQ Dracula HDD – 3.5 Inch SATA 6 Gb/s 5400 RPM 256 MB Cache,4621795.580591144,3404187.6031455887,1429235.210574368,,,,,174869.9328107349,,Forecast
2022-10-01,AQ Dracula HDD – 3.5 Inch SATA 6 Gb/s 5400 RPM 256 MB Cache,4962866.24672592,3645589.0625786786,1530398.273368094,,,,,188827.7360124563,,Forecast
2022-11-01,AQ Dracula HDD – 3.5 Inch SATA 6 Gb/s 5400 RPM 256 MB Cache,5406752.415167859,3979420.4975163103,1669296.0891317592,,,,,206399.3770404883,,Forecast
2022-12-01,AQ Dracula HDD – 3.5 Inch SATA 6 Gb/s 5400 RPM 256 MB Cache,5645602.23123238,4145586.601603942,1744368.081375471,,,,,215381.19848067535,,Forecast
2017-09-01,AQ Mforce Gen X,106794.2612,80225.98071817,31552.6677,80225.98071817,106794.2612,31552.6677,243.84796570872342,6188.0,12.964767407590498,Actual
2017-10-01,AQ Mforce Gen X,144951.2396,111569.55989617,42801.4781,191795.54061434,251745.50079999998,74354.1458,373.14234078986624,8388.0,13.301092023863854,Actual
2017-11-01,AQ Mforce Gen X,197125.7922,151192.94374604,58121.1207,342988.48436038,448871.293,132475.2665,507.3588716310067,11370.0,13.297532431489884,Actual
2017-12-01,AQ Mforce Gen X,208606.5411,157493.89435638,61576.4052,500482.37871676,657477.8341,194051.6717,533.8776079877289,12043.0,13.07762968997592,Actual
2018-01-01,AQ Mforce Gen X,111729.209,84805.80110111,33035.0262,585288.17981787,769207.0431,227086.6979,284.5832251715101,6490.0,13.067149630371341,Actual
2018-02-01,AQ Mforce Gen X,114517.5041,88591.05126099,33792.5116,673879.23107886,883724.5472,260879.2095,300.308648342339,6601.0,13.420853092105743,Actual
2018-03-01,AQ Mforce Gen X,116640.2397,89073.30949978,34452.8245,762952.5405786401,1000364.7869,295332.034,302.9704404754422,6765.0,13.16678632664893,Actual
2018-04-01,AQ Mforce Gen X,116056.1556,87611.86699975,34226.9702,850564.40757839,1116420.9425,329559.0042,301.07170790292093,6692.0,13.092030334690675,Actual
2018-05-01,AQ Mforce Gen X,116211.4623,88165.93043268,34339.2613,938730.33801107,1232632.4048,363898.2655,298.8675607887458,6735.0,13.090709789559021,Actual
2018-06-01,AQ Mforce Gen X,116471.5812,89811.64350249,34426.8029,1028541.98151356,1349103.986,398325.0684,303.4177145354392,6764.0,13.277889340994973,Actual
2018-07-01,AQ Mforce Gen X,108914.8415,83717.98855714,32183.701,1112259.9700707,1458018.8275,430508.7694,281.87874935063974,6311.0,13.265407789120582,Actual
2018-08-01,AQ Mforce Gen X,121077.8443,90965.34181726,35769.824700000005,1203225.31188796,1579096.6718,466278.5941,314.7589682258132,7019.0,12.959872035512182,Actual
2018-09-01,AQ Mforce Gen X,162063.3598,124655.46694076,48978.5022,1327880.77882872,1741160.0316,515257.09630000003,264.66128862157115,10209.0,12.210350371315506,Actual
2018-10-01,AQ Mforce Gen X,194688.2899,152413.24376476,58847.9276,1480294.02259348,1935848.3215,574105.0239,324.9749334003412,12303.0,12.388299094916688,Actual
2018-11-01,AQ Mforce Gen X,249429.5852,192006.52835041,75375.6348,1672300.5509438901,2185277.9067,649480.6587,402.5294095396436,15721.0,12.21337881498696,Actual
2018-12-01,AQ Mforce Gen X,271664.5182,208789.2682011,82005.5345,1881089.81914499,2456942.4249,731486.1932,440.4836881879747,17051.0,12.244986698791859,Actual
2019-01-01,AQ Mforce Gen X,155646.0265,119874.87441686,47011.2248,2000964.69356185,2612588.4514,778497.4180000001,253.97219156114406,9826.0,12.199763323515164,Actual
2019-02-01,AQ Mforce Gen X,153585.8705,119964.73952549,46410.7793,2120929.43308734,2766174.3219,824908.1973,254.70220706048832,9696.0,12.372601023668523,Actual
2019-03-01,AQ Mforce Gen X,151614.3949,117461.48433245,45769.5002,2238390.91741979,2917788.7168,870677.6975,249.3874401962845,9522.0,12.335799656842049,Actual
2019-04-01,AQ Mforce Gen X,156554.7023,120330.63178128,47318.7709,2358721.54920107,3074343.4191,917996.4684,258.22023987399143,9872.0,12.18908344623987,Actual
2019-05-01,AQ Mforce Gen X,161271.33120000002,123883.76571852001,48765.7383,2482605.31491959,3235614.7503,966762.2067,265.2757295899786,10156.0,12.198086423643167,Actual
2019-06-01,AQ Mforce Gen X,141360.0035,110966.24603529,42700.7977,2593571.56095488,3376974.7538,1009463.0044,257.4622877848956,8994.0,12.337808098208805,Actual
2019-07-01,AQ Mforce Gen X,108393.9495,83554.86062225,32644.3149,2677126.42157713,3485368.7033,1042107.3193,236.6993218760623,7051.0,11.850072418415827,Actual
2019-08-01,AQ Mforce Gen X,107012.329,82156.79134899999,32243.290800000002,2759283.21292613,3592381.0323,1074350.6101,232.08133149435025,6960.0,11.804136688074712,Actual
2019-09-01,AQ Mforce Gen X,209871.6844,162006.18827038,63225.8409,2921289.40119651,3802252.7167,1137576.4510000001,349.90537423408205,12119.0,13.367950183214786,Actual
2019-10-01,AQ Mforce Gen X,267751.942,206555.62462988,80512.3838,3127845.02582639,4070004.6587,1218088.8348,448.0599232752278,15463.0,13.35805630407295,Actual
2019-11-01,AQ Mforce Gen X,341630.1974,260604.82189022002,102934.2093,3388449.84771661,4411634.8561,1321023.0441,556.8479100218376,19745.0,13.198522253239808,Actual
2019-12-01,AQ Mforce Gen X,377804.8008,287937.21342776,113669.5869,3676387.06114437,4789439.6569,1434692.631,621.894629433607,21810.0,13.20207305950298,Actual
2020-01-01,AQ Mforce Gen X,202495.478,155783.00660206,61004.8831,3832170.06774643,4991935.1349,1495697.5141,335.01721849905374,11700.0,13.314786889064957,Actual
2020-02-01,AQ Mforce Gen X,184237.25960000002,142237.68806868,55419.871399999996,3974407.75581511,5176172.3945,1551117.3855,309.2123653666957,10634.0,13.375746480033854,Actual
2020-03-01,AQ Mforce Gen X,27764.1114,21334.68633942,8344.1334,3995742.44215453,5203936.5059,1559461.5189,56.44096915190477,1602.0,13.317532047078652,Actual
2020-04-01,AQ Mforce Gen X,90598.8454,69742.87440862,27228.0768,4065485.31656315,5294535.3513,1586689.5957,166.05446287766668,5229.0,13.337707861659974,Actual
2020-05-01,AQ Mforce Gen X,118991.526,91512.9309184,35823.5527,4156998.24748155,5413526.8773,1622513.1484,213.81525915514018,6874.0,13.312908192958975,Actual
2020-06-01,AQ Mforce Gen X,179986.31100000002,138732.6516648,54167.4084,4295730.89914635,5593513.1883000005,1676680.5568,313.166256579684,10386.0,13.357659509416523,Actual
2020-07-01,AQ Mforce Gen X,182815.64800000002,139246.75632118,55018.7236,4434977.65546753,5776328.836300001,1731699.2804,304.03221904187774,10555.0,13.192492308970156,Actual
2020-08-01,AQ Mforce Gen X,203551.36000000002,154966.85971956002,61278.0477,4589944.51518709,5979880.1963,1792977.3281,338.35558890733626,11752.0,13.186424414530293,Actual
2020-09-01,AQ Mforce Gen X,105836.89349999999,81291.38507085,31155.0291,4671235.90025794,6085717.0898,1824132.3572,517.7795227442675,5421.0,14.995643805727724,Actual
2020-10-01,AQ Mforce Gen X,139183.03149999998,107309.56477145,40971.075899999996,4778545.46502939,6224900.1213,1865103.4331,683.5004125570064,7129.0,15.052540997538223,Actual
2020-11-01,AQ Mforce Gen X,195371.66449999998,149749.2590316,57511.229699999996,4928294.72406099,6420271.7858,1922614.6628,953.8169365070064,10007.0,14.964450787608675,Actual
2020-12-01,AQ Mforce Gen X,198495.4245,151490.9387525,58430.765699999996,5079785.66281349,6618767.2103,1981045.4285,971.0957612339743,10167.0,14.900259540916691,Actual
2021-01-01,AQ Mforce Gen X,105426.9,81096.04659629999,31034.339999999997,5160881.70940979,6724194.1103,2012079.7685,516.5353286388535,5400.0,15.01778640672222,Actual
2021-02-01,AQ Mforce Gen X,108628.75399999999,83545.25210015,31976.8644,5244426.96150994,6832822.8643000005,2044056.6329,535.5464878214743,5564.0,15.015322088452551,Actual
2021-03-01,AQ Mforce Gen X,108589.707,82886.05478909999,31965.370199999998,5327313.01629904,6941412.5713,2076022.0031,527.9366547076432,5562.0,14.902203306202802,Actual
2021-04-01,AQ Mforce Gen X,114681.03899999999,87139.11259959999,33758.4654,5414452.12889864,7056093.6103,2109780.4685,558.5840551256409,5874.0,14.834714436431732,Actual
2021-05-01,AQ Mforce Gen X,108941.12999999999,82948.58270254999,32068.818,5497400.71160119,7165034.7403,2141849.2865,528.3349216722929,5580.0,14.86533740189068,Actual
2021-06-01,AQ Mforce Gen X,105895.46399999999,81202.4496713,31172.270399999998,5578603.16127249,7270930.2043,2173021.5569,517.2130552312102,5424.0,14.970953110490413,Actual
2021-07-01,AQ Mforce Gen X,112611.548,86028.0458334,33149.2728,5664631.20710589,7383541.7523,2206170.8297,547.9493365184713,5768.0,14.914709749202496,Actual
2021-08-01,AQ Mforce Gen X,116379.5835,88657.34781534999,34258.4631,5753288.55492124,7499921.3358,2240429.2928,568.3163321496794,5961.0,14.87289847598557,Actual
2021-09-01,AQ Mforce Gen X,812816.5194,627217.63301167,232557.56100000002,6380506.1879329095,8312737.8552,2472986.8538,3995.016770774968,38538.0,16.275303155630027,Actual
2021-10-01,AQ Mforce Gen X,1014449.3474,783723.1379974,290247.381,7164229.3259303095,9327187.2026,2763234.2348,4991.867121002548,48098.0,16.294297850168405,Actual
2021-11-01,AQ Mforce Gen X,1325124.1964,1010725.87242496,379135.56600000005,8174955.19835527,10652311.399,3142369.8008,6437.744410350064,62828.0,16.087188394107088,Actual
2021-12-01,AQ Mforce Gen X,1447263.9147,1095723.96750058,414081.3555,9270679.16585585,12099575.3137,3556451.1563,7023.871586542179,68619.0,15.96822989989041,Actual
2022-01-01,AQ Mforce Gen X,1498778.3337566014,1131792.9497350273,426610.3513898222,,,,,69275.52709854943,,Forecast
2022-02-01,AQ Mforce Gen X,1659138.8300555411,1250703.9644923832,471610.73671427823,,,,,76198.04031136418,,Forecast
2022-03-01,AQ Mforce Gen X,1786623.576739447,1342364.158256818,506701.6970248183,,,,,81217.01728664241,,Forecast
2022-04-01,AQ Mforce Gen X,1975164.2977804122,1481774.5219236198,560254.1504128437,,,,,89790.76327902044,,Forecast
2022-05-01,AQ Mforce Gen X,2157807.934944751,1616698.420465494,611970.8390012335,,,,,98037.0746759215,,Forecast
2022-06-01,AQ Mforce Gen X,2340324.8026917833,1752820.1168764837,663675.6408184627,,,,,106275.94750054338,,Forecast
2022-07-01,AQ Mforce Gen X,2503398.0613693506,1871816.500619877,709537.976713432,,,,,113372.87129998158,,Forecast
2022-08-01,AQ Mforce Gen X,2632796.8688376388,1964405.3169089993,745959.2575870587,,,,,119060.88855991972,,Forecast
2022-09-01,AQ Mforce Gen X,2905660.269554253,2171215.7233465705,823654.5497598277,,,,,131396.90403870883,,Forecast
2022-10-01,AQ Mforce Gen X,3074431.1274693967,2297182.5343562234,871925.8049303539,,,,,139298.89598411997,,Forecast
2022-11-01,AQ Mforce Gen X,3324346.840096606,2481036.2135547963,943227.0705831746,,,,,151131.4876850077,,Forecast
2022-12-01,AQ Mforce Gen X,3498194.6178373485,2608170.738887302,992572.6255207596,,,,,159046.5634597239,,Forecast
2018-09-01,AQ WereWolf NAS Internal Hard Drive HDD – 8.89 cm,124345.8787,95339.98656296,37890.498999999996,95339.98656296,124345.8787,37890.498999999996,403.9829939108474,6349.0,15.016535921083635,Actual
2018-10-01,AQ WereWolf NAS Internal Hard Drive HDD – 8.89 cm,145425.6538,113175.57219017,44349.3724,208515.55875313,269771.5325,82239.8714,473.5379589546862,7446.0,15.199512784067956,Actual
2018-11-01,AQ WereWolf NAS Internal Hard Drive HDD – 8.89 cm,193484.9698,149725.53606158,58970.150799999996,358241.09481470997,463256.5023,141210.0222,626.4666780819247,9886.0,15.145208988628363,Actual
2018-12-01,AQ WereWolf NAS Internal Hard Drive HDD – 8.89 cm,226620.0932,174649.35280604,69043.28,532890.4476207499,689876.5955,210253.30219999998,736.9171004474262,11564.0,15.102849602736077,Actual
2019-01-01,AQ WereWolf NAS Internal Hard Drive HDD – 8.89 cm,119524.39749999999,92081.21292126,36425.0446,624971.66054201,809400.993,246678.3468,388.5283245622785,6105.0,15.082917759420146,Actual
2019-02-01,AQ WereWolf NAS Internal Hard Drive HDD – 8.89 cm,121801.34629999999,95011.84098333,37084.127,719983.50152534,931202.3393,283762.4738,400.893843811519,6201.0,15.322019187764877,Actual
2019-03-01,AQ WereWolf NAS Internal Hard Drive HDD – 8.89 cm,115883.1538,89160.69510189,35258.7532,809144.19662723,1047085.4931,319021.227,379.4072131995319,5886.0,15.147926452920489,Actual
2019-04-01,AQ WereWolf NAS Internal Hard Drive HDD – 8.89 cm,121534.039,93456.93507771,37041.5176,902601.13170494,1168619.5321,356062.7446,392.6761978055042,6210.0,15.049425938439613,Actual
2019-05-01,AQ WereWolf NAS Internal Hard Drive HDD – 8.89 cm,123070.8617,94840.61345483,37424.9726,997441.74515977,1291690.3938,393487.7172,401.8670061645339,6239.0,15.201252356920982,Actual
2019-06-01,AQ WereWolf NAS Internal Hard Drive HDD – 8.89 cm,126203.5122,98888.52215579,38405.3604,1096330.26731556,1417893.906,431893.07759999996,415.4979922512185,6414.0,15.417605574647645,Actual
2019-07-01,AQ WereWolf NAS Internal Hard Drive HDD – 8.89 cm,122492.6151,95328.69332997,37261.6758,1191658.96064553,1540386.5211,469154.7534,400.5407282771849,6217.0,15.333552087818884,Actual
2019-08-01,AQ WereWolf NAS Internal Hard Drive HDD – 8.89 cm,107663.8207,82819.4303982,32793.055,1274478.39104373,1648050.3418,501947.8084,346.52481338159,5489.0,15.088254763745672,Actual
2019-09-01,AQ WereWolf NAS Internal Hard Drive HDD – 8.89 cm,394280.8271,303695.50246012,115551.8851,1578173.89350385,2042331.1689,617499.6934999999,654.5161690950862,16848.0,18.025611494546535,Actual
2019-10-01,AQ WereWolf NAS Internal Hard Drive HDD – 8.89 cm,461477.3393,357070.84229605,135257.6681,1935244.7357999,2503808.5082,752757.3616,767.8942845076344,19716.0,18.110714257255527,Actual
2019-11-01,AQ WereWolf NAS Internal Hard Drive HDD – 8.89 cm,649771.8891,497685.04904234,190514.1043,2432929.78484224,3153580.3973,943271.4659,1065.7067431313492,27680.0,17.97995119372616,Actual
2019-12-01,AQ WereWolf NAS Internal Hard Drive HDD – 8.89 cm,719008.107,545971.9562023199,210733.5614,2978901.74104456,3872588.5043,1154005.0273,1174.133239144774,30699.0,17.78468211349946,Actual
2020-01-01,AQ WereWolf NAS Internal Hard Drive HDD – 8.89 cm,364865.5553,281815.16611532,106930.7993,3260716.90715988,4237454.0596,1260935.8266,607.3602718002586,15591.0,18.075502925746903,Actual
2020-02-01,AQ WereWolf NAS Internal Hard Drive HDD – 8.89 cm,376471.8821,291138.51964189997,110339.8789,3551855.42680178,4613925.9417,1371275.7055,627.4537061247844,16040.0,18.15078052630299,Actual
2020-03-01,AQ WereWolf NAS Internal Hard Drive HDD – 8.89 cm,50452.1164,38689.70100898,14790.1404,3590545.12781076,4664378.0581,1386065.8459,95.06069043975431,2151.0,17.98684379775918,Actual
2020-04-01,AQ WereWolf NAS Internal Hard Drive HDD – 8.89 cm,172971.7448,133561.28952565,50718.8388,3724106.41733641,4837349.8029,1436784.6847,307.0374471854023,7379.0,18.10018830812441,Actual
2020-05-01,AQ WereWolf NAS Internal Hard Drive HDD – 8.89 cm,210751.2929,162231.95922569,61784.0997,3886338.3765621,5048101.0958,1498568.7844,370.392600971895,8973.0,18.08001328716037,Actual
2020-06-01,AQ WereWolf NAS Internal Hard Drive HDD – 8.89 cm,309323.1038,238532.97835667,90701.8366,4124871.35491877,5357424.1996,1589270.621,532.4396838318527,13182.0,18.095355663531333,Actual
2020-07-01,AQ WereWolf NAS Internal Hard Drive HDD – 8.89 cm,360431.2094,276000.69794809,105623.5718,4400872.05286686,5717855.409,1694894.1928,601.3087101265577,15380.0,17.945428995324445,Actual
2020-08-01,AQ WereWolf NAS Internal Hard Drive HDD – 8.89 cm,359599.7614,274284.06056866,105392.94780000001,4675156.11343552,6077455.1704,1800287.1406,594.976270214013,15332.0,17.889646528088964,Actual
2020-09-01,AQ WereWolf NAS Internal Hard Drive HDD – 8.89 cm,509557.2403,390825.96259340004,152783.7909,5065982.07602892,6587012.4107,1953070.9315,829.7791137864119,21216.0,18.42128405888952,Actual
2020-10-01,AQ WereWolf NAS Internal Hard Drive HDD – 8.89 cm,654052.6044,501734.69620320003,196165.5656,5567716.77223212,7241065.0150999995,2149236.4971,1065.2541320662422,27228.0,18.427159402203614,Actual
2020-11-01,AQ WereWolf NAS Internal Hard Drive HDD – 8.89 cm,863509.5251,658309.33184517,258854.0015,6226026.10407729,8104574.5402,2408090.4986,1397.684356359172,35962.0,18.305693004982203,Actual
2020-12-01,AQ WereWolf NAS Internal Hard Drive HDD – 8.89 cm,921311.6788,699660.3215914,276353.89040000003,6925686.42566869,9025886.219,2684444.389,1495.000687161111,38406.0,18.217474394401915,Actual
2021-01-01,AQ WereWolf NAS Internal Hard Drive HDD – 8.89 cm,534589.001,409762.05181062,160062.7414,7335448.47747931,9560475.22,2844507.1304,869.9831248633121,22242.0,18.42289595407877,Actual
2021-02-01,AQ WereWolf NAS Internal Hard Drive HDD – 8.89 cm,513370.4165,395625.51486755,154146.8332,7731073.99234686,10073845.6365,2998653.9636,839.9692460032909,21393.0,18.49322277696209,Actual
2021-03-01,AQ WereWolf NAS Internal Hard Drive HDD – 8.89 cm,507852.5014,387189.76787917,152372.2872,8118263.76022603,10581698.1379,3151026.2508,822.0589551574735,21152.0,18.30511383695017,Actual
2021-04-01,AQ WereWolf NAS Internal Hard Drive HDD – 8.89 cm,498245.2687,380069.69824882003,149443.5613,8498333.45847485,11079943.4066,3300469.8121,812.1147398479061,20742.0,18.323676513779773,Actual
2021-05-01,AQ WereWolf NAS Internal Hard Drive HDD – 8.89 cm,542373.8329,416465.78313814,162600.3326,8914799.24161299,11622317.2395,3463070.1447,884.2161000809766,22597.0,18.430135997616496,Actual
2021-06-01,AQ WereWolf NAS Internal Hard Drive HDD – 8.89 cm,497895.03140000004,382862.84601102,149377.1994,9297662.08762401,12120212.2709,3612447.3441,812.8722845244586,20728.0,18.470804998601892,Actual
2021-07-01,AQ WereWolf NAS Internal Hard Drive HDD – 8.89 cm,511085.9384,390951.97778381,153480.6317,9688614.06540782,12631298.2093,3765927.9758,830.04666196138,21291.0,18.36231167083791,Actual
2021-08-01,AQ WereWolf NAS Internal Hard Drive HDD – 8.89 cm,546079.5126,415378.30657264,163884.6216,10103992.37198046,13177377.7219,3929812.5974,887.5604841295727,22748.0,18.259992376149114,Actual
2021-09-01,AQ WereWolf NAS Internal Hard Drive HDD – 8.89 cm,2185970.1422,1687748.68615406,640385.5169,11791741.05813452,15363347.8641,4570198.1143000005,3583.3305438515076,86369.0,19.54113960048235,Actual
2021-10-01,AQ WereWolf NAS Internal Hard Drive HDD – 8.89 cm,2778341.5032,2130510.1175897503,814377.1017,13922251.17572427,18141689.3673,5384575.216,4523.376045838111,109767.0,19.409386405656985,Actual
2021-11-01,AQ WereWolf NAS Internal Hard Drive HDD – 8.89 cm,3862013.0289000003,2975350.7081062803,1131021.6300000001,16897601.88383055,22003702.3962,6515596.846,6317.092798527135,152496.0,19.51100821074835,Actual
2021-12-01,AQ WereWolf NAS Internal Hard Drive HDD – 8.89 cm,4000257.2805,3028299.39980493,1172057.4954000001,19925901.283635482,26003959.6767,7687654.3414,6470.725213258398,158040.0,19.161600859307327,Actual
2022-01-01,AQ WereWolf NAS Internal Hard Drive HDD – 8.89 cm,4286549.059531895,3225835.860367871,1250693.008004042,,,,,167104.36912653415,,Forecast
2022-02-01,AQ WereWolf NAS Internal Hard Drive HDD – 8.89 cm,4773493.407595319,3580209.9567372664,1391725.0604375494,,,,,184679.06288440994,,Forecast
2022-03-01,AQ WereWolf NAS Internal Hard Drive HDD – 8.89 cm,5175215.155393928,3867795.9152023997,1507724.2467890298,,,,,199689.69661619476,,Forecast
2022-04-01,AQ WereWolf NAS Internal Hard Drive HDD – 8.89 cm,5698489.747238786,4249761.71544743,1659832.6315082388,,,,,219557.91512820055,,Forecast
2022-05-01,AQ WereWolf NAS Internal Hard Drive HDD – 8.89 cm,6211667.901092558,4624496.068227698,1809567.0741594534,,,,,238930.43463881259,,Forecast
2022-06-01,AQ WereWolf NAS Internal Hard Drive HDD – 8.89 cm,6718956.914020199,4994381.190770554,1956836.537305103,,,,,258075.63251077288,,Forecast
2022-07-01,AQ WereWolf NAS Internal Hard Drive HDD – 8.89 cm,7178702.328817245,5327820.344868105,2091065.9345777645,,,,,277158.800184862,,Forecast
2022-08-01,AQ WereWolf NAS Internal Hard Drive HDD – 8.89 cm,7574724.856754903,5607840.217561189,2204761.606605463,,,,,291796.31613539945,,Forecast
2022-09-01,AQ WereWolf NAS Internal Hard Drive HDD – 8.89 cm,8427750.110974291,6248624.107303362,2454507.186487832,,,,,324181.66550406,,Forecast
2022-10-01,AQ WereWolf NAS Internal Hard Drive HDD – 8.89 cm,8978857.301107433,6649758.925432253,2614250.950865626,,,,,342590.699150844,,Forecast
2022-11-01,AQ WereWolf NAS Internal Hard Drive HDD – 8.89 cm,9630568.299234966,7128991.760277398,2803712.6900905524,,,,,370318.3799382438,,Forecast
2022-12-01,AQ WereWolf NAS Internal Hard Drive HDD – 8.89 cm,10086537.258463595,7456349.531207022,2937506.4156550616,,,,,387316.69523230277,,Forecast
2019-09-01,AQ Zion Saga,123328.5104,94754.136936,37860.3076,94754.136936,123328.5104,37860.3076,615.2866034805195,5534.0,17.12217870184315,Actual
2019-10-01,AQ Zion Saga,140109.5672,107933.60009152,43011.8818,202687.73702752,263438.07759999996,80872.1894,691.8820518687179,6287.0,17.167742976223956,Actual
2019-11-01,AQ Zion Saga,218020.02479999998,167401.89912431999,66929.4162,370089.63615184,481458.1024,147801.6056,1066.254134549809,9783.0,17.11150967232137,Actual
2019-12-01,AQ Zion Saga,219245.7328,167483.68504776,67305.6932,537573.3211996,700703.8352,215107.2988,1087.556396414026,9838.0,17.024159895076235,Actual
2020-01-01,AQ Zion Saga,128275.91359999999,99093.63353919999,39379.0984,636666.9547388,828979.7488,254486.3972,635.2155996102564,5756.0,17.215711177762334,Actual
2020-02-01,AQ Zion Saga,116798.8296,89677.94971072,35855.7774,726344.9044495199,945778.5784,290342.1746,578.5674174885162,5241.0,17.11084711137569,Actual
2020-03-01,AQ Zion Saga,16535.9152,12659.384108319999,5076.3188,739004.2885578399,962314.4935999999,295418.4934,97.37987775630768,742.0,17.061164566469,Actual
2020-04-01,AQ Zion Saga,58989.983199999995,45419.78216256,18109.1858,784424.0707204,1021304.4768,313527.6792,315.41515390666666,2647.0,17.158965682871173,Actual
2020-05-01,AQ Zion Saga,72361.3432,55822.59995736,22214.0258,840246.6706777599,1093665.82,335741.705,377.1797294416216,3247.0,17.192054190748383,Actual
2020-06-01,AQ Zion Saga,116665.116,89915.4094644,35814.729,930162.08014216,1210330.936,371556.434,611.6694521387755,5235.0,17.175818426819482,Actual
2020-07-01,AQ Zion Saga,111962.8544,85995.59305184,34371.1936,1016157.6731939999,1322293.7904,405927.6276,558.4129418950649,5024.0,17.116957215732484,Actual
2020-08-01,AQ Zion Saga,115171.98079999999,87572.89873448,35356.3552,1103730.57192848,1437465.7711999998,441283.9828,579.9529717515231,5168.0,16.945220343359132,Actual
2020-09-01,AQ Zion Saga,570052.168,436485.34175489,170515.4822,1540215.91368337,2007517.9392,611799.465,926.7204708171762,21660.0,20.15167782801893,Actual
2020-10-01,AQ Zion Saga,706271.8318,542364.31123669,211146.393,2082580.22492006,2713789.7709999997,822945.858,1151.5165843666455,26818.0,20.223891089443285,Actual
2020-11-01,AQ Zion Saga,895228.6581,680527.21483392,268027.0607,2763107.43975398,3609018.4291,1090972.9187,1444.8560824499364,34031.0,19.997273510444007,Actual
2020-12-01,AQ Zion Saga,1039265.4226,791919.9445866,311066.85719999997,3555027.38434058,4648283.8516999995,1402039.7759,1692.1366337320512,39566.0,20.015163134676236,Actual
2021-01-01,AQ Zion Saga,548365.2982,420194.2597432,163947.0718,3975221.64408378,5196649.1499,1565986.8477,892.132186291295,20906.0,20.09921839391562,Actual
2021-02-01,AQ Zion Saga,577139.9235,442835.04821513,172804.6635,4418056.69229891,5773789.0734,1738791.5112,940.20180088138,21941.0,20.182992945404948,Actual
2021-03-01,AQ Zion Saga,583139.034,442957.92891451,174851.3894,4861014.62121342,6356928.1074,1913642.9006,940.4626940860085,22216.0,19.93868963425054,Actual
2021-04-01,AQ Zion Saga,567671.1335,432097.90401022,169950.5751,5293112.52522364,6924599.2409,2083593.4756999998,923.2861196799573,21677.0,19.93347345159478,Actual
2021-05-01,AQ Zion Saga,551093.5525,421901.92454104,164892.3475,5715014.44976468,7475692.7934,2248485.8232,895.7578015733333,20987.0,20.10301255734693,Actual
2021-06-01,AQ Zion Saga,569895.4845,437110.81626416,170665.6599,6152125.26602884,8045588.2779,2419151.4831,928.0484421744374,21655.0,20.18521432759917,Actual
2021-07-01,AQ Zion Saga,555507.6608,423941.28243391,166088.0588,6576066.548462749,8601095.9387,2585239.5419,900.087648479639,21080.0,20.111066529122866,Actual
2021-08-01,AQ Zion Saga,558197.3559,424944.77127985,167058.9325,7001011.3197425995,9159293.2946,2752298.4743999997,908.0016480338675,21269.0,19.97953694484226,Actual
2021-09-01,AQ Zion Saga,2410463.1909000003,1861483.79880716,714030.8576999999,8862495.11854976,11569756.4855,3466329.3320999998,3952.1949019260296,84246.0,22.095812249924744,Actual
2021-10-01,AQ Zion Saga,2918404.9178,2246218.94670058,863929.5334,11108714.065250339,14488161.4033,4330258.865499999,4769.04234968276,102391.0,21.937660016022697,Actual
2021-11-01,AQ Zion Saga,4110415.6869,3166303.70687059,1216311.3364,14275017.77212093,18598577.0902,5546570.2019,6722.513178069193,144344.0,21.935817954820358,Actual
2021-12-01,AQ Zion Saga,4420748.7063,3337101.4790798402,1306611.652,17612119.25120077,23019325.7965,6853181.8538999995,7130.5587159825645,154175.0,21.64489365383389,Actual
2022-01-01,AQ Zion Saga,5024713.05369256,3769200.5561751076,1482013.9054579765,,,,,173330.85076784057,,Forecast
2022-02-01,AQ Zion Saga,5687235.219306238,4246818.474085301,1675878.5964045124,,,,,195885.48274811642,,Forecast
2022-03-01,AQ Zion Saga,6332484.337072331,4711793.500449928,1864974.2439814934,,,,,217307.79853819442,,Forecast
2022-04-01,AQ Zion Saga,7008598.108782225,5203995.344532908,2064048.2883861323,,,,,240301.44676582786,,Forecast
2022-05-01,AQ Zion Saga,7674981.750708541,5682532.397461769,2258976.2585980957,,,,,262904.66053790075,,Forecast
2022-06-01,AQ Zion Saga,8348544.768036543,6175379.842631922,2457892.879745282,,,,,285663.38679302804,,Forecast
2022-07-01,AQ Zion Saga,8982213.826968059,6636589.796424437,2643842.9335155203,,,,,305863.8563815437,,Forecast
2022-08-01,AQ Zion Saga,9526368.605100308,7026853.6921279365,2803764.5339765246,,,,,324389.52019311517,,Forecast
2022-09-01,AQ Zion Saga,10603714.343637545,7816804.575194731,3119486.5874327435,,,,,361408.6422699628,,Forecast
2022-10-01,AQ Zion Saga,11206409.08830679,8244650.414522512,3296084.8538026973,,,,,384500.11484628357,,Forecast
2022-11-01,AQ Zion Saga,12040078.963938572,8861290.27345487,3542173.8113850653,,,,,411377.24309038976,,Forecast
2022-12-01,AQ Zion Saga,12642262.593215566,9289709.144245092,3719205.501605322,,,,,432394.36210900306,,Forecast
